date,startTime,endTime,slug,reservations
2026-10-05,12:00,13:34,kung-fu-panda-4,0-0=N|0-1=C|0-2=S|1-0=N|1-1=N|1-2=S|2-3=C|3-4=N|4-0=S|4-5=N|5-6=C|6-2=N|7-3=S|8-7=N|9-1=C
2026-10-05,13:45,15:21,vice-versa-2,1-0=N|1-1=C|1-2=S|2-3=N|3-4=C|4-0=N|4-1=S|5-2=C|6-4=N|6-5=N|7-0=S|7-2=C|8-3=N|9-1=C
2026-10-05,15:30,17:09,un-p-tit-truc-en-plus,2-0=N|2-1=C|2-2=S|2-3=S|3-0=N|3-1=C|3-2=N|4-3=N|5-4=S|6-5=C|7-6=N|8-1=C|9-0=N
2026-10-05,17:15,18:55,vaiana-2,3-0=N|3-1=C|0-0=N|0-1=S|1-2=C|2-3=N|3-2=C|4-3=N|5-4=S|6-5=N|7-6=C|8-7=N
2026-10-05,19:00,21:40,wicked,5-3=N|0-0=N|0-1=S|1-2=C|2-3=N|3-4=S|4-5=N|5-6=N|6-7=C|7-1=N|8-0=S|9-2=C
2026-10-06,12:00,13:36,vice-versa-2,0-0=N|0-1=C|0-2=S|1-0=N|1-1=S|2-3=N|3-4=C|4-0=N|4-2=S|5-1=C|6-4=N|7-2=N|8-5=C
2026-10-06,13:45,16:43,le-comte-de-monte-cristo,0-0=N|0-1=S|1-2=C|2-3=N|3-4=S|4-0=N|4-1=N|5-2=C|6-3=N|7-4=N|8-5=C|9-6=S
2026-10-06,16:45,18:24,un-p-tit-truc-en-plus,0-0=N|0-1=C|1-2=S|2-3=N|3-4=C|4-5=N|5-6=N|6-7=C|7-1=S|8-0=N|9-2=C|4-2=N|4-3=C|0-4=N|0-5=C|0-6=C|7-3=N|7-4=N|3-1=N|3-2=C
2026-10-06,18:30,20:10,vaiana-2,0-0=N|0-1=C|1-0=N|1-1=S|2-2=C|2-3=N|3-4=N|4-5=S|5-6=N|6-7=C|7-0=S|5-2=N|5-3=S
2026-10-06,20:15,22:55,wicked,0-0=N|0-1=S|1-2=C|2-3=N|3-4=N|4-5=S|5-6=N|6-7=C|7-1=S|8-2=N|9-0=C|5-3=N|5-4=C|7-5=C|7-6=C|4-0=N|4-1=N
2026-10-07,12:00,13:39,un-p-tit-truc-en-plus,0-0=N|0-1=C|1-2=S|2-3=N|3-4=C|4-5=N|5-6=N|6-7=C|7-0=S|8-2=N
2026-10-07,13:45,15:40,godzilla-x-kong-le-nouvel-empire,0-0=N|0-1=S|1-2=C|2-3=N|3-4=N|4-5=S|5-6=C|6-7=N|7-0=C|8-2=N|9-4=S
2026-10-07,15:45,18:00,la-passion-de-dodin-bouffant,0-0=N|0-1=S|1-2=C|2-3=N|3-4=N|4-5=S|5-6=N|6-7=C|7-0=S|8-2=N|9-1=N
2026-10-07,18:15,19:55,vaiana-2,0-0=N|0-1=C|1-0=N|1-1=S|2-2=C|3-3=N|4-4=S|5-5=N|6-6=C|7-7=N
2026-10-07,20:00,22:58,le-comte-de-monte-cristo,0-0=N|0-1=S|1-2=C|2-3=N|3-4=N|4-5=S|5-6=N|6-7=C|7-1=S|8-2=N|9-0=C
2026-10-08,12:00,14:40,wicked,0-0=N|0-1=S|1-2=C|2-3=N|3-4=N|4-5=S|5-6=N|6-7=C|7-1=S|8-2=N|9-0=C
2026-10-08,14:45,16:19,kung-fu-panda-4,0-0=N|0-1=C|0-2=S|1-0=N|1-1=N|1-2=S|2-3=C|3-4=N|4-0=S|4-5=N|5-6=C|6-2=N|7-3=S|8-7=N|9-1=C
2026-10-08,16:30,18:06,vice-versa-2,0-0=N|0-1=C|0-2=S|1-0=N|1-1=S|2-3=N|3-4=C|4-0=N|4-2=S|5-1=C|6-4=N|7-2=N|8-5=C
2026-10-08,18:15,21:13,le-comte-de-monte-cristo,0-0=N|0-1=S|1-2=C|2-3=N|3-4=S|4-0=N|4-1=N|5-2=C|6-3=N|7-4=N|8-5=C|9-6=S
2026-10-08,21:15,00:01,dune-deuxieme-partie,0-0=N|0-1=S|1-2=C|2-3=N|3-4=N|4-5=S|5-6=N|6-7=C|7-1=S|8-2=N|9-0=C
2026-10-09,12:00,14:46,dune-deuxieme-partie,0-0=N|0-1=S|1-2=C|2-3=N|3-4=N|4-5=S|5-6=N|6-7=C|7-1=S|8-2=N|9-0=C
2026-10-09,15:00,16:40,vaiana-2,0-0=N|0-1=C|1-0=N|1-1=S|2-2=C|3-3=N|4-4=S|5-5=N|6-6=C|7-7=N
2026-10-09,16:45,18:40,godzilla-x-kong-le-nouvel-empire,0-0=N|0-1=S|1-2=C|2-3=N|3-4=N|4-5=S|5-6=C|6-7=N|7-0=C|8-2=N|9-4=S
2026-10-09,18:45,21:00,la-passion-de-dodin-bouffant,0-0=N|0-1=S|1-2=C|2-3=N|3-4=N|4-5=S|5-6=N|6-7=C|7-0=S|8-2=N|9-1=N
2026-10-09,21:15,22:49,kung-fu-panda-4,0-0=N|0-1=C|0-2=S|1-0=N|1-1=N|1-2=S|2-3=C|3-4=N|4-0=S|4-5=N|5-6=C|6-2=N|7-3=S|8-7=N|9-1=C
2026-10-10,12:00,13:55,godzilla-x-kong-le-nouvel-empire,0-0=N|0-1=S|1-2=C|2-3=N|3-4=N|4-5=S|5-6=C|6-7=N|7-0=C|8-2=N|9-4=S
2026-10-10,14:00,15:34,kung-fu-panda-4,0-0=N|0-1=C|0-2=S|1-0=N|1-1=N|1-2=S|2-3=C|3-4=N|4-0=S|4-5=N|5-6=C|6-2=N|7-3=S|8-7=N|9-1=C
2026-10-10,15:45,17:24,un-p-tit-truc-en-plus,0-0=N|0-1=C|1-2=S|2-3=N|3-4=C|4-5=N|5-6=N|6-7=C|7-0=S|8-2=N|9-1=N
2026-10-10,17:30,20:10,wicked,0-0=N|0-1=S|1-2=C|2-3=N|3-4=N|4-5=S|5-6=N|6-7=C|7-1=S|8-2=N|9-0=C
2026-10-10,20:15,21:55,vaiana-2,0-0=N|0-1=C|1-0=N|1-1=S|2-2=C|3-3=N|4-4=S|5-5=N|6-6=C|7-7=N
2026-10-11,12:00,14:58,le-comte-de-monte-cristo,0-0=N|0-1=S|1-2=C|2-3=N|3-4=S|4-0=N|4-1=N|5-2=C|6-3=N|7-4=N|8-5=C|9-6=S
2026-10-11,15:00,17:15,la-passion-de-dodin-bouffant,0-0=N|0-1=S|1-2=C|2-3=N|3-4=N|4-5=S|5-6=N|6-7=C|7-0=S|8-2=N|9-1=N
2026-10-11,17:30,19:04,kung-fu-panda-4,0-0=N|0-1=C|0-2=S|1-0=N|1-1=N|1-2=S|2-3=C|3-4=N|4-0=S|4-5=N|5-6=C|6-2=N|7-3=S|8-7=N|9-1=C
2026-10-11,19:15,22:01,dune-deuxieme-partie,0-0=N|0-1=S|1-2=C|2-3=N|3-4=N|4-5=S|5-6=N|6-7=C|7-1=S|8-2=N|9-0=C
